intent,query
市场格局与初步筛选,最近5000以内的笔记本电脑梯队咋样，哪款性价比最稳？
市场格局与初步筛选,预算上限8000，想看一下高端笔记本电脑热销榜，闭眼入哪个？
市场格局与初步筛选,入门级轻薄本现在流行啥配置，求个不坑的笔记本电脑推荐！
市场格局与初步筛选,买台3000左右的笔记本电脑主要家用，哪款值得直接下单？
市场格局与初步筛选,学生党常用的笔记本电脑价位段分布咋样，热门款是哪个？
市场格局与初步筛选,10000以内游戏本笔记本电脑梯队，求性价比王者！
市场格局与初步筛选,轻办公类笔记本电脑今年啥梯队比较火，有哪款适合闭眼入？
市场格局与初步筛选,大学新生用笔记本电脑预算5000，哪款最值得剁手？
市场格局与初步筛选,国产笔记本电脑在5000档表现咋样，有热门款推荐不？
市场格局与初步筛选,想冲高端商务笔记本电脑，1.5万内闭眼入哪个稳？
场景与人群定位,笔记本电脑适合地铁通勤办公的，有哪种长续航款？
场景与人群定位,做视频剪辑用的笔记本电脑，求高性能款推荐！
场景与人群定位,宿舍用不占地儿的轻薄型笔记本电脑，哪款性价比高？
场景与人群定位,经常出差的笔记本电脑用户，便携耐用的闭眼入哪个？
场景与人群定位,游戏发烧友适合的笔记本电脑，高帧率款求推荐！
场景与人群定位,办公+偶尔游戏，混合用途笔记本电脑哪个最合适？
场景与人群定位,给爸妈用的简单易操作的笔记本电脑，预算在4000左右，选哪个稳？
场景与人群定位,设计师用的高色准屏笔记本电脑，有热门款推吗？
场景与人群定位,常年旅行背着的轻便笔记本电脑，有推荐吗？
性能与参数深究,笔记本电脑支持高刷新率144Hz屏的，有性价比王者吗？
性能与参数深究,16GB内存起步的笔记本电脑，闭眼入哪个最值？
性能与参数深究,笔记本电脑带独显性能强的，预算8000左右怎么选？
性能与参数深究,2K分辨率屏幕的笔记本电脑，有预算内推荐款吗？
性能与参数深究,CPU性能跑分高的笔记本电脑，哪个好用又不翻车？
性能与参数深究,固态硬盘1TB及以上的笔记本电脑，哪个最值得剁手？
性能与参数深究,笔记本电脑搭载OLED屏的，预算在1万内怎么挑才稳？
性能与参数深究,带雷电4接口的笔记本电脑，有热门机型能推荐吗？
性能与参数深究,散热表现好的笔记本电脑，高负载下不卡的闭眼入哪个？
口碑推荐,双十一笔记本电脑好评榜前几的，哪款闭眼入最放心？
口碑推荐,最近笔记本电脑测评满分的机型有啥，求性价比王者！
口碑推荐,网友一致点赞的办公笔记本电脑，预算内推哪个？
口碑推荐,电商平台热销款笔记本电脑，哪个口碑最稳值得剁手？
口碑推荐,今年发布的笔记本电脑里，市场宠儿是哪台？
口碑推荐,论坛吹爆的笔记本电脑型号，闭眼入哪个不会踩坑？
口碑推荐,客户回购率高的笔记本电脑，哪款最值得？
口碑推荐,长期耐用口碑好的笔记本电脑，有热门款推吗？
兼容与生态适配,笔记本电脑能和安卓手机无缝互传的，哪款性价比高？
兼容与生态适配,支持Mac生态软件的笔记本电脑，闭眼入哪个靠谱？
兼容与生态适配,笔记本电脑能无线串流到电视的，预算5000怎么选？
兼容与生态适配,轻量办公并兼容Linux系统的笔记本电脑，有推荐吗？
兼容与生态适配,能够快速切换多蓝牙设备的笔记本电脑，哪款最好用？
兼容与生态适配,支持多屏协同的笔记本电脑，预算内闭眼入哪个？
兼容与生态适配,兼容所有主流绘图板的笔记本电脑，有热门款推么？
兼容与生态适配,笔记本电脑跨平台文件传输速度快的，预算内怎么挑？
售后与增值服务,笔记本电脑哪款售后服务给力，闭眼入也不怕坏？
售后与增值服务,有延保三年的笔记本电脑，预算1万内怎么选稳？
售后与增值服务,维修网点多的笔记本电脑，有性价比王者推吗？
售后与增值服务,笔记本电脑自带终身免费云存储的，值得剁手哪个？
售后与增值服务,换电池方便快捷的笔记本电脑，有热门款推荐不？
售后与增值服务,笔记本电脑保养服务全的，有哪款闭眼入最合适？
售后与增值服务,提供上门维修的笔记本电脑，哪款好用又安心？
售后与增值服务,笔记本电脑支持免费系统升级的，预算内闭眼入哪个？
